{"stats":{"minecraft:custom":{"minecraft:mob_kills":9,"minecraft:interact_with_crafting_table":12,"minecraft:leave_game":10,"minecraft:time_since_death":15064,"minecraft:sleep_in_bed":7,"minecraft:climb_one_cm":13123,"minecraft:time_since_rest":197,"minecraft:sprint_one_cm":235162,"minecraft:damage_taken":2069,"minecraft:walk_one_cm":307988,"minecraft:drop":24,"minecraft:damage_dealt":3284,"minecraft:talked_to_villager":1,"minecraft:swim_one_cm":54759,"minecraft:fly_one_cm":494552,"minecraft:open_chest":16,"minecraft:play_time":96841,"minecraft:crouch_one_cm":2333,"minecraft:sneak_time":1111,"minecraft:deaths":6,"minecraft:walk_under_water_one_cm":34506,"minecraft:boat_one_cm":64743,"minecraft:jump":1926,"minecraft:interact_with_blast_furnace":7,"minecraft:walk_on_water_one_cm":33217,"minecraft:total_world_time":96841,"minecraft:fall_one_cm":46333},"minecraft:mined":{"minecraft:acacia_leaves":1,"minecraft:glass_pane":4,"minecraft:gray_concrete":3,"minecraft:jungle_door":5,"minecraft:cyan_terracotta":5,"minecraft:dark_oak_log":16,"minecraft:dandelion":13,"minecraft:blue_stained_glass":1,"minecraft:gray_stained_glass_pane":3,"minecraft:crafting_table":4,"minecraft:torch":1,"minecraft:light_gray_terracotta":4,"minecraft:blast_furnace":1,"minecraft:poppy":20,"minecraft:dead_bush":5,"minecraft:light_gray_bed":11,"minecraft:copper_ore":3,"minecraft:glass":2,"minecraft:tall_grass":34,"minecraft:wall_torch":3,"minecraft:spawner":4,"minecraft:hay_block":36,"minecraft:tall_seagrass":1,"minecraft:gray_concrete_powder":1,"minecraft:mud":7,"minecraft:carrots":7,"minecraft:iron_ore":9,"minecraft:wheat":12,"minecraft:grass":123,"minecraft:potatoes":5,"minecraft:coal_ore":21,"minecraft:gravel":10,"minecraft:sand":46,"minecraft:stone":8,"minecraft:bone_block":7},"minecraft:killed":{"minecraft:squid":1,"minecraft:trader_llama":2,"minecraft:zombie":4,"minecraft:drowned":2},"minecraft:crafted":{"minecraft:black_dye":1,"minecraft:stone_shovel":1,"minecraft:crafting_table":2,"minecraft:wooden_pickaxe":1,"minecraft:iron_helmet":1,"minecraft:gray_concrete_powder":8,"minecraft:copper_ingot":14,"minecraft:gray_dye":2,"minecraft:bone_meal":18,"minecraft:acacia_boat":1,"minecraft:bread":112,"minecraft:air":0,"minecraft:iron_chestplate":1,"minecraft:white_dye":1,"minecraft:iron_axe":1,"minecraft:stick":12,"minecraft:iron_ingot":14,"minecraft:stone_pickaxe":1,"minecraft:iron_leggings":1,"minecraft:acacia_planks":16,"minecraft:dark_oak_planks":72,"minecraft:torch":16,"minecraft:minecart":1,"minecraft:wheat":324},"minecraft:picked_up":{"minecraft:mud":22,"minecraft:iron_chestplate":2,"minecraft:crafting_table":10,"minecraft:wheat":17,"minecraft:leather":2,"minecraft:cut_sandstone":3,"minecraft:potato":47,"paraglider:spirit_orb":6,"minecraft:diamond_horse_armor":7,"minecraft:gunpowder":60,"minecraft:acacia_boat":8,"minecraft:gray_concrete":21,"minecraft:string":60,"minecraft:raw_copper":14,"minecraft:iron_axe":7,"minecraft:gray_concrete_powder":6,"minecraft:orange_terracotta":8,"minecraft:iron_leggings":2,"minecraft:bone":42,"minecraft:wheat_seeds":36,"minecraft:iron_ingot":88,"minecraft:stone_pickaxe":4,"minecraft:redstone_torch":12,"minecraft:iron_nugget":3,"minecraft:poppy":7,"minecraft:minecart":2,"minecraft:melon_slice":7,"minecraft:stone_hoe":7,"minecraft:stick":12,"minecraft:raw_iron":9,"minecraft:jungle_door":11,"minecraft:copper_ingot":90,"minecraft:torch":84,"minecraft:acacia_log":4,"minecraft:dandelion":13,"minecraft:gravel":40,"minecraft:sand":139,"minecraft:ink_sac":3,"minecraft:blast_furnace":6,"minecraft:carrot":93,"minecraft:dark_oak_log":16,"minecraft:dark_oak_planks":398,"minecraft:light_gray_terracotta":2,"minecraft:stone_shovel":5,"minecraft:arrow":8,"minecraft:light_gray_bed":16,"minecraft:rotten_flesh":24,"minecraft:diamond":6,"minecraft:iron_helmet":2,"minecraft:hay_block":36,"minecraft:crossbow":6,"minecraft:cyan_terracotta":3,"minecraft:bread":559,"minecraft:coal":115,"minecraft:bone_block":37,"minecraft:cobblestone":28},"minecraft:killed_by":{"minecraft:zombie":1},"minecraft:dropped":{"minecraft:wheat_seeds":8,"minecraft:iron_nugget":3,"minecraft:wheat":1,"minecraft:rotten_flesh":8,"minecraft:cyan_terracotta":1,"minecraft:poppy":2,"minecraft:diamond_horse_armor":1,"minecraft:gray_concrete":6,"minecraft:ink_sac":2,"minecraft:iron_axe":1,"minecraft:wooden_pickaxe":1,"minecraft:gray_dye":1,"minecraft:dandelion":9},"minecraft:used":{"minecraft:wheat_seeds":24,"minecraft:acacia_boat":6,"minecraft:stone_shovel":41,"minecraft:stone_pickaxe":61,"minecraft:bone_block":1,"minecraft:wooden_pickaxe":4,"minecraft:cut_sandstone":3,"minecraft:stone_hoe":38,"minecraft:torch":4,"minecraft:sand":21,"minecraft:crafting_table":5,"minecraft:light_gray_terracotta":2,"minecraft:carrot":2,"minecraft:crossbow":2,"minecraft:mud":9,"minecraft:cyan_terracotta":1,"minecraft:bread":19,"minecraft:melon_slice":7,"minecraft:iron_axe":69,"minecraft:gray_concrete_powder":8,"minecraft:jungle_door":4,"minecraft:bucket":1,"minecraft:dandelion":4,"minecraft:light_gray_bed":10,"minecraft:bone_meal":17,"minecraft:experience_bottle":1,"minecraft:orange_terracotta":2}},"DataVersion":3465}