{"stats":{"minecraft:custom":{"minecraft:mob_kills":17,"minecraft:interact_with_crafting_table":12,"minecraft:open_barrel":1,"minecraft:leave_game":16,"minecraft:time_since_death":32985,"minecraft:climb_one_cm":14774,"minecraft:sprint_one_cm":293961,"minecraft:walk_one_cm":346237,"minecraft:drop":24,"minecraft:talked_to_villager":1,"minecraft:play_time":114762,"minecraft:deaths":6,"minecraft:sneak_time":2346,"minecraft:walk_under_water_one_cm":39145,"minecraft:boat_one_cm":74899,"minecraft:jump":2406,"minecraft:interact_with_blast_furnace":7,"minecraft:walk_on_water_one_cm":38668,"minecraft:total_world_time":114762,"minecraft:sleep_in_bed":8,"minecraft:time_since_rest":4525,"minecraft:damage_taken":2579,"minecraft:damage_dealt":5902,"minecraft:swim_one_cm":68020,"minecraft:fly_one_cm":617654,"minecraft:open_chest":25,"minecraft:crouch_one_cm":2407,"minecraft:fall_one_cm":54376},"minecraft:mined":{"minecraft:dark_oak_log":16,"minecraft:gray_stained_glass_pane":3,"minecraft:light_gray_bed":12,"minecraft:spawner":4,"minecraft:light_blue_stained_glass":1,"minecraft:hay_block":36,"minecraft:tall_seagrass":1,"minecraft:carrots":7,"minecraft:iron_ore":9,"minecraft:potatoes":5,"minecraft:stone":8,"minecraft:bone_block":7,"minecraft:acacia_leaves":1,"minecraft:gray_concrete":3,"minecraft:glass_pane":4,"minecraft:jungle_door":5,"minecraft:quartz_block":2,"minecraft:cyan_terracotta":6,"minecraft:blue_stained_glass":1,"minecraft:dandelion":13,"minecraft:crafting_table":4,"minecraft:torch":3,"minecraft:light_gray_terracotta":4,"minecraft:blast_furnace":1,"minecraft:poppy":20,"minecraft:white_stained_glass_pane":2,"minecraft:dead_bush":5,"minecraft:tall_grass":34,"minecraft:glass":2,"minecraft:copper_ore":3,"minecraft:wall_torch":3,"minecraft:gray_concrete_powder":1,"minecraft:mud":12,"minecraft:wheat":14,"minecraft:grass":123,"minecraft:coal_ore":21,"minecraft:gravel":10,"minecraft:sand":46},"minecraft:killed":{"minecraft:drowned":2,"minecraft:squid":1,"minecraft:trader_llama":2,"minecraft:zombie":12},"minecraft:crafted":{"minecraft:black_dye":1,"minecraft:stone_shovel":1,"minecraft:gray_dye":2,"minecraft:bone_meal":18,"minecraft:iron_axe":1,"minecraft:stone_pickaxe":1,"minecraft:dark_oak_planks":72,"minecraft:minecart":1,"minecraft:wheat":324,"minecraft:crafting_table":2,"minecraft:wooden_pickaxe":1,"minecraft:iron_helmet":1,"minecraft:copper_ingot":14,"minecraft:gray_concrete_powder":8,"minecraft:bread":112,"minecraft:acacia_boat":1,"minecraft:air":0,"minecraft:iron_chestplate":1,"minecraft:white_dye":1,"minecraft:stick":16,"minecraft:iron_ingot":14,"minecraft:iron_leggings":1,"minecraft:acacia_planks":16,"minecraft:torch":16},"minecraft:picked_up":{"minecraft:iron_chestplate":2,"minecraft:mud":28,"minecraft:crafting_table":10,"minecraft:wheat":17,"minecraft:diamond_horse_armor":7,"minecraft:string":60,"minecraft:raw_copper":14,"minecraft:iron_axe":7,"minecraft:iron_leggings":2,"minecraft:cracked_stone_bricks":1,"minecraft:redstone_torch":12,"minecraft:iron_nugget":3,"minecraft:poppy":7,"minecraft:minecart":2,"minecraft:melon_slice":7,"minecraft:stick":12,"minecraft:raw_iron":9,"minecraft:jungle_door":11,"minecraft:copper_ingot":90,"minecraft:torch":85,"minecraft:acacia_log":4,"minecraft:carrot":93,"minecraft:dark_oak_planks":398,"minecraft:quartz_block":2,"minecraft:rotten_flesh":34,"minecraft:light_gray_bed":17,"minecraft:arrow":8,"minecraft:stone_shovel":5,"minecraft:hay_block":36,"minecraft:cyan_terracotta":4,"minecraft:cobblestone":29,"minecraft:bone_block":37,"minecraft:leather":2,"minecraft:cut_sandstone":3,"minecraft:potato":47,"paraglider:spirit_orb":6,"minecraft:gunpowder":60,"minecraft:acacia_boat":10,"minecraft:gray_concrete":21,"minecraft:gray_concrete_powder":6,"minecraft:orange_terracotta":8,"minecraft:bone":42,"minecraft:wheat_seeds":36,"minecraft:stone_pickaxe":4,"minecraft:iron_ingot":88,"minecraft:stone_hoe":7,"minecraft:dandelion":13,"minecraft:gravel":40,"minecraft:sand":139,"minecraft:ink_sac":3,"minecraft:blast_furnace":6,"minecraft:dark_oak_log":16,"minecraft:light_gray_terracotta":3,"minecraft:diamond":6,"minecraft:lever":1,"minecraft:iron_helmet":2,"minecraft:crossbow":6,"minecraft:bread":559,"minecraft:coal":115},"minecraft:killed_by":{"minecraft:zombie":1},"minecraft:dropped":{"minecraft:wheat_seeds":8,"minecraft:cyan_terracotta":1,"minecraft:diamond_horse_armor":1,"minecraft:gray_concrete":6,"minecraft:ink_sac":2,"minecraft:iron_axe":1,"minecraft:gray_dye":1,"minecraft:dandelion":9,"minecraft:iron_nugget":3,"minecraft:wheat":1,"minecraft:rotten_flesh":8,"minecraft:poppy":2,"minecraft:wooden_pickaxe":1},"minecraft:used":{"minecraft:stone_shovel":41,"minecraft:bone_block":1,"minecraft:stone_hoe":38,"minecraft:torch":7,"minecraft:carrot":2,"minecraft:cyan_terracotta":2,"minecraft:iron_axe":106,"minecraft:gray_concrete_powder":9,"minecraft:orange_terracotta":2,"minecraft:light_gray_bed":11,"minecraft:wheat_seeds":24,"minecraft:acacia_boat":8,"minecraft:water_bucket":11,"minecraft:stone_pickaxe":64,"minecraft:wooden_pickaxe":4,"minecraft:cut_sandstone":3,"minecraft:sand":22,"minecraft:crafting_table":5,"minecraft:light_gray_terracotta":3,"minecraft:crossbow":3,"minecraft:mud":28,"minecraft:melon_slice":7,"minecraft:bread":33,"minecraft:jungle_door":4,"minecraft:bucket":12,"minecraft:dandelion":4,"minecraft:bone_meal":17,"minecraft:experience_bottle":1}},"DataVersion":3465}