{"stats":{"minecraft:crafted":{"minecraft:iron_axe":1,"minecraft:crafting_table":1,"minecraft:iron_ingot":4,"minecraft:dark_oak_planks":72},"minecraft:killed":{"minecraft:zombie":1},"minecraft:picked_up":{"minecraft:stick":2,"minecraft:crafting_table":1,"minecraft:wheat":4,"minecraft:cut_sandstone":3,"minecraft:potato":5,"minecraft:sand":14,"minecraft:carrot":8,"minecraft:dark_oak_log":16,"minecraft:orange_terracotta":1,"minecraft:light_gray_bed":3,"minecraft:wheat_seeds":9},"minecraft:custom":{"minecraft:time_since_rest":13831,"minecraft:sprint_one_cm":46501,"minecraft:damage_taken":172,"minecraft:walk_one_cm":50326,"minecraft:mob_kills":1,"minecraft:damage_dealt":449,"minecraft:interact_with_crafting_table":2,"minecraft:swim_one_cm":2484,"minecraft:fly_one_cm":59793,"minecraft:open_chest":7,"minecraft:crouch_one_cm":866,"minecraft:play_time":17283,"minecraft:sneak_time":198,"minecraft:walk_under_water_one_cm":1263,"minecraft:jump":284,"minecraft:leave_game":1,"minecraft:walk_on_water_one_cm":5415,"minecraft:time_since_death":17283,"minecraft:sleep_in_bed":1,"minecraft:climb_one_cm":7611,"minecraft:total_world_time":17283,"minecraft:fall_one_cm":8016},"minecraft:mined":{"minecraft:acacia_leaves":1,"minecraft:carrots":6,"minecraft:wheat":5,"minecraft:dark_oak_log":16,"minecraft:blue_stained_glass":1,"minecraft:gray_stained_glass_pane":3,"minecraft:crafting_table":1,"minecraft:potatoes":5,"minecraft:dead_bush":5,"minecraft:light_gray_bed":3,"minecraft:sand":15},"minecraft:used":{"minecraft:wheat_seeds":5,"minecraft:iron_axe":23,"minecraft:bread":1,"minecraft:cut_sandstone":3,"minecraft:stone_hoe":2,"minecraft:sand":14,"minecraft:crafting_table":2,"minecraft:carrot":1,"minecraft:light_gray_bed":3,"minecraft:experience_bottle":1}},"DataVersion":3465}