{"stats":{"minecraft:custom":{"minecraft:mob_kills":2,"minecraft:interact_with_crafting_table":10,"minecraft:leave_game":4,"minecraft:time_since_death":27849,"minecraft:sleep_in_bed":3,"minecraft:climb_one_cm":7611,"minecraft:time_since_rest":8522,"minecraft:sprint_one_cm":124092,"minecraft:damage_taken":471,"minecraft:walk_one_cm":107512,"minecraft:drop":9,"minecraft:damage_dealt":549,"minecraft:swim_one_cm":29935,"minecraft:fly_one_cm":217941,"minecraft:open_chest":8,"minecraft:crouch_one_cm":1535,"minecraft:play_time":46510,"minecraft:deaths":1,"minecraft:sneak_time":692,"minecraft:walk_under_water_one_cm":11160,"minecraft:boat_one_cm":11558,"minecraft:jump":880,"minecraft:interact_with_blast_furnace":7,"minecraft:walk_on_water_one_cm":14191,"minecraft:total_world_time":46510,"minecraft:fall_one_cm":27754},"minecraft:mined":{"minecraft:acacia_leaves":1,"minecraft:gray_concrete":3,"minecraft:jungle_door":5,"minecraft:cyan_terracotta":1,"minecraft:dark_oak_log":16,"minecraft:blue_stained_glass":1,"minecraft:gray_stained_glass_pane":3,"minecraft:crafting_table":3,"minecraft:blast_furnace":1,"minecraft:dead_bush":5,"minecraft:light_gray_bed":5,"minecraft:copper_ore":3,"minecraft:hay_block":36,"minecraft:gray_concrete_powder":1,"minecraft:carrots":7,"minecraft:iron_ore":9,"minecraft:wheat":12,"minecraft:potatoes":5,"minecraft:coal_ore":21,"minecraft:gravel":10,"minecraft:sand":25,"minecraft:stone":8,"minecraft:bone_block":6},"minecraft:killed":{"minecraft:squid":1,"minecraft:zombie":1},"minecraft:crafted":{"minecraft:black_dye":1,"minecraft:stone_shovel":1,"minecraft:crafting_table":2,"minecraft:wooden_pickaxe":1,"minecraft:gray_concrete_powder":8,"minecraft:copper_ingot":14,"minecraft:gray_dye":2,"minecraft:bone_meal":12,"minecraft:bread":112,"minecraft:acacia_boat":1,"minecraft:air":0,"minecraft:white_dye":1,"minecraft:iron_axe":1,"minecraft:stick":12,"minecraft:iron_ingot":13,"minecraft:stone_pickaxe":1,"minecraft:torch":16,"minecraft:acacia_planks":16,"minecraft:dark_oak_planks":72,"minecraft:wheat":324},"minecraft:picked_up":{"minecraft:crafting_table":3,"minecraft:wheat":17,"minecraft:cut_sandstone":3,"minecraft:potato":12,"minecraft:diamond_horse_armor":2,"minecraft:gunpowder":10,"minecraft:acacia_boat":3,"minecraft:gray_concrete":3,"minecraft:string":12,"minecraft:raw_copper":14,"minecraft:iron_axe":1,"minecraft:gray_concrete_powder":1,"minecraft:orange_terracotta":8,"minecraft:bone":12,"minecraft:wheat_seeds":28,"minecraft:iron_ingot":3,"minecraft:iron_nugget":3,"minecraft:melon_slice":7,"minecraft:stone_hoe":2,"minecraft:stick":2,"minecraft:raw_iron":9,"minecraft:jungle_door":5,"minecraft:acacia_log":4,"minecraft:gravel":10,"minecraft:sand":24,"minecraft:blast_furnace":1,"minecraft:ink_sac":3,"minecraft:carrot":21,"minecraft:dark_oak_log":16,"minecraft:dark_oak_planks":68,"minecraft:arrow":2,"minecraft:light_gray_bed":6,"minecraft:hay_block":36,"minecraft:crossbow":1,"minecraft:cyan_terracotta":1,"minecraft:bone_block":6,"minecraft:coal":25,"minecraft:cobblestone":8},"minecraft:dropped":{"minecraft:iron_nugget":3,"minecraft:wheat":1,"minecraft:diamond_horse_armor":1,"minecraft:ink_sac":2,"minecraft:wooden_pickaxe":1,"minecraft:gray_dye":1},"minecraft:used":{"minecraft:wheat_seeds":24,"minecraft:acacia_boat":3,"minecraft:stone_shovel":20,"minecraft:stone_pickaxe":48,"minecraft:wooden_pickaxe":4,"minecraft:cut_sandstone":3,"minecraft:stone_hoe":38,"minecraft:sand":14,"minecraft:crafting_table":4,"minecraft:carrot":2,"minecraft:bread":7,"minecraft:iron_axe":34,"minecraft:melon_slice":7,"minecraft:gray_concrete_powder":4,"minecraft:jungle_door":4,"minecraft:bone_meal":3,"minecraft:orange_terracotta":2,"minecraft:light_gray_bed":4,"minecraft:experience_bottle":1}},"DataVersion":3465}