{"stats":{"minecraft:custom":{"minecraft:mob_kills":1,"minecraft:interact_with_crafting_table":6,"minecraft:leave_game":4,"minecraft:time_since_death":15849,"minecraft:sleep_in_bed":2,"minecraft:climb_one_cm":7611,"minecraft:time_since_rest":9767,"minecraft:sprint_one_cm":98284,"minecraft:damage_taken":431,"minecraft:walk_one_cm":94872,"minecraft:drop":1,"minecraft:damage_dealt":449,"minecraft:swim_one_cm":13827,"minecraft:fly_one_cm":154727,"minecraft:open_chest":8,"minecraft:crouch_one_cm":1527,"minecraft:play_time":34510,"minecraft:deaths":1,"minecraft:sneak_time":544,"minecraft:walk_under_water_one_cm":3974,"minecraft:boat_one_cm":4535,"minecraft:jump":635,"minecraft:walk_on_water_one_cm":8631,"minecraft:total_world_time":34510,"minecraft:fall_one_cm":18227},"minecraft:mined":{"minecraft:acacia_leaves":1,"minecraft:cyan_terracotta":1,"minecraft:dark_oak_log":16,"minecraft:blue_stained_glass":1,"minecraft:gray_stained_glass_pane":3,"minecraft:crafting_table":2,"minecraft:dead_bush":5,"minecraft:light_gray_bed":4,"minecraft:copper_ore":1,"minecraft:hay_block":36,"minecraft:carrots":6,"minecraft:iron_ore":2,"minecraft:wheat":10,"minecraft:potatoes":5,"minecraft:coal_ore":21,"minecraft:sand":15,"minecraft:stone":7,"minecraft:bone_block":6},"minecraft:killed":{"minecraft:zombie":1},"minecraft:crafted":{"minecraft:crafting_table":2,"minecraft:wooden_pickaxe":1,"minecraft:bread":112,"minecraft:acacia_boat":1,"minecraft:iron_axe":1,"minecraft:stick":4,"minecraft:iron_ingot":4,"minecraft:stone_pickaxe":1,"minecraft:acacia_planks":16,"minecraft:dark_oak_planks":72,"minecraft:wheat":324},"minecraft:picked_up":{"minecraft:crafting_table":2,"minecraft:wheat":16,"minecraft:cut_sandstone":3,"minecraft:potato":12,"minecraft:diamond_horse_armor":1,"minecraft:gunpowder":10,"minecraft:acacia_boat":2,"minecraft:string":12,"minecraft:raw_copper":4,"minecraft:iron_axe":1,"minecraft:orange_terracotta":8,"minecraft:bone":12,"minecraft:wheat_seeds":26,"minecraft:iron_ingot":3,"minecraft:iron_nugget":1,"minecraft:melon_slice":7,"minecraft:stone_hoe":2,"minecraft:stick":2,"minecraft:raw_iron":2,"minecraft:acacia_log":4,"minecraft:sand":14,"minecraft:carrot":18,"minecraft:dark_oak_log":16,"minecraft:dark_oak_planks":68,"minecraft:arrow":2,"minecraft:light_gray_bed":5,"minecraft:hay_block":36,"minecraft:crossbow":1,"minecraft:cyan_terracotta":1,"minecraft:bone_block":6,"minecraft:coal":25,"minecraft:cobblestone":7},"minecraft:dropped":{"minecraft:wooden_pickaxe":1},"minecraft:used":{"minecraft:wheat_seeds":10,"minecraft:acacia_boat":2,"minecraft:stone_pickaxe":34,"minecraft:wooden_pickaxe":4,"minecraft:cut_sandstone":3,"minecraft:stone_hoe":38,"minecraft:sand":14,"minecraft:crafting_table":3,"minecraft:carrot":1,"minecraft:bread":4,"minecraft:iron_axe":25,"minecraft:melon_slice":7,"minecraft:light_gray_bed":3,"minecraft:experience_bottle":1}},"DataVersion":3465}