{"stats":{"minecraft:picked_up":{"minecraft:wheat":1,"minecraft:light_gray_bed":1,"minecraft:wheat_seeds":5,"minecraft:sand":5,"minecraft:carrot":3},"minecraft:custom":{"minecraft:open_chest":1,"minecraft:time_since_rest":3285,"minecraft:play_time":3285,"minecraft:sprint_one_cm":5600,"minecraft:walk_one_cm":4292,"minecraft:walk_under_water_one_cm":1263,"minecraft:jump":49,"minecraft:time_since_death":3285,"minecraft:walk_on_water_one_cm":5415,"minecraft:total_world_time":3285,"minecraft:climb_one_cm":188,"minecraft:swim_one_cm":2484,"minecraft:fall_one_cm":827,"minecraft:fly_one_cm":9102},"minecraft:mined":{"minecraft:carrots":1,"minecraft:sand":5,"minecraft:light_gray_bed":1,"minecraft:wheat":2},"minecraft:used":{"minecraft:wheat_seeds":2,"minecraft:sand":3,"minecraft:carrot":1}},"DataVersion":3465}