{"stats":{"minecraft:custom":{"minecraft:time_since_rest":3879,"minecraft:sprint_one_cm":70126,"minecraft:damage_taken":406,"minecraft:walk_one_cm":65072,"minecraft:mob_kills":1,"minecraft:damage_dealt":449,"minecraft:swim_one_cm":2484,"minecraft:interact_with_crafting_table":2,"minecraft:fly_one_cm":99644,"minecraft:open_chest":7,"minecraft:crouch_one_cm":1247,"minecraft:play_time":22510,"minecraft:deaths":1,"minecraft:sneak_time":403,"minecraft:walk_under_water_one_cm":1263,"minecraft:jump":413,"minecraft:leave_game":4,"minecraft:walk_on_water_one_cm":5415,"minecraft:time_since_death":3849,"minecraft:sleep_in_bed":1,"minecraft:climb_one_cm":7611,"minecraft:total_world_time":22510,"minecraft:fall_one_cm":12464},"minecraft:mined":{"minecraft:acacia_leaves":1,"minecraft:carrots":6,"minecraft:wheat":5,"minecraft:dark_oak_log":16,"minecraft:blue_stained_glass":1,"minecraft:gray_stained_glass_pane":3,"minecraft:crafting_table":1,"minecraft:potatoes":5,"minecraft:dead_bush":5,"minecraft:light_gray_bed":4,"minecraft:sand":15},"minecraft:crafted":{"minecraft:iron_axe":1,"minecraft:crafting_table":1,"minecraft:iron_ingot":4,"minecraft:dark_oak_planks":72},"minecraft:killed":{"minecraft:zombie":1},"minecraft:picked_up":{"minecraft:stick":2,"minecraft:crafting_table":1,"minecraft:wheat":11,"minecraft:cut_sandstone":3,"minecraft:acacia_log":4,"minecraft:potato":12,"minecraft:diamond_horse_armor":1,"minecraft:sand":14,"minecraft:gunpowder":10,"minecraft:carrot":18,"minecraft:dark_oak_log":16,"minecraft:string":12,"minecraft:dark_oak_planks":68,"minecraft:iron_axe":1,"minecraft:orange_terracotta":8,"minecraft:bone":12,"minecraft:arrow":2,"minecraft:light_gray_bed":5,"minecraft:wheat_seeds":13,"minecraft:iron_ingot":3,"minecraft:crossbow":1,"minecraft:iron_nugget":1,"minecraft:melon_slice":7,"minecraft:stone_hoe":2,"minecraft:coal":4},"minecraft:used":{"minecraft:wheat_seeds":5,"minecraft:iron_axe":24,"minecraft:bread":1,"minecraft:cut_sandstone":3,"minecraft:stone_hoe":2,"minecraft:sand":14,"minecraft:crafting_table":2,"minecraft:carrot":1,"minecraft:light_gray_bed":3,"minecraft:experience_bottle":1}},"DataVersion":3465}