{"stats":{"minecraft:custom":{"minecraft:mob_kills":19,"minecraft:interact_with_crafting_table":13,"minecraft:open_barrel":1,"minecraft:leave_game":16,"minecraft:time_since_death":44985,"minecraft:climb_one_cm":16184,"minecraft:sprint_one_cm":307771,"minecraft:walk_one_cm":362898,"minecraft:drop":33,"minecraft:talked_to_villager":1,"minecraft:play_time":126762,"minecraft:deaths":6,"minecraft:sneak_time":2412,"minecraft:walk_under_water_one_cm":41412,"minecraft:boat_one_cm":74899,"minecraft:jump":2529,"minecraft:interact_with_blast_furnace":7,"minecraft:walk_on_water_one_cm":40184,"minecraft:total_world_time":126762,"minecraft:sleep_in_bed":8,"minecraft:time_since_rest":16525,"minecraft:damage_taken":2739,"minecraft:damage_dealt":6566,"minecraft:swim_one_cm":68790,"minecraft:fly_one_cm":641650,"minecraft:open_chest":27,"minecraft:crouch_one_cm":2518,"minecraft:fall_one_cm":55756,"minecraft:horse_one_cm":147791},"minecraft:mined":{"minecraft:dark_oak_log":16,"minecraft:gray_stained_glass_pane":3,"minecraft:light_gray_bed":12,"minecraft:spruce_leaves":2,"cgm:workbench":1,"minecraft:spawner":4,"minecraft:light_blue_stained_glass":1,"minecraft:hay_block":36,"minecraft:tall_seagrass":1,"minecraft:carrots":7,"minecraft:iron_ore":9,"minecraft:potatoes":5,"minecraft:light_gray_concrete":3,"bunker_down:steel_block":1,"minecraft:stone":8,"minecraft:bone_block":7,"bunker_down:airlock_iron_door":1,"minecraft:acacia_leaves":1,"minecraft:gray_concrete":3,"minecraft:glass_pane":4,"minecraft:jungle_door":5,"minecraft:quartz_block":2,"minecraft:cyan_terracotta":6,"minecraft:blue_stained_glass":1,"minecraft:dandelion":13,"minecraft:crafting_table":5,"minecraft:torch":3,"minecraft:light_gray_terracotta":4,"minecraft:blast_furnace":1,"minecraft:poppy":20,"minecraft:white_stained_glass_pane":2,"minecraft:dead_bush":5,"minecraft:tall_grass":34,"minecraft:glass":2,"minecraft:copper_ore":3,"minecraft:wall_torch":3,"minecraft:gray_concrete_powder":1,"minecraft:mud":19,"minecraft:wheat":14,"minecraft:grass":123,"minecraft:coal_ore":21,"minecraft:gravel":10,"minecraft:sand":46},"minecraft:killed":{"minecraft:drowned":2,"minecraft:squid":1,"minecraft:trader_llama":2,"minecraft:zombie":14},"minecraft:crafted":{"minecraft:black_dye":1,"minecraft:stone_shovel":1,"minecraft:gray_dye":2,"minecraft:bone_meal":18,"minecraft:iron_axe":1,"minecraft:stone_pickaxe":1,"minecraft:dark_oak_planks":72,"cgm:workbench":1,"minecraft:minecart":1,"minecraft:wheat":324,"minecraft:crafting_table":2,"minecraft:wooden_pickaxe":1,"minecraft:iron_helmet":1,"minecraft:copper_ingot":14,"minecraft:gray_concrete_powder":8,"minecraft:bread":112,"minecraft:acacia_boat":1,"minecraft:air":0,"minecraft:iron_chestplate":1,"minecraft:white_dye":1,"minecraft:stick":16,"minecraft:iron_ingot":14,"minecraft:iron_leggings":1,"minecraft:acacia_planks":16,"minecraft:torch":16},"minecraft:picked_up":{"minecraft:iron_chestplate":2,"minecraft:mud":35,"minecraft:crafting_table":11,"minecraft:wheat":17,"cgm:basic_bullet":64,"minecraft:diamond_horse_armor":7,"minecraft:string":60,"minecraft:raw_copper":14,"minecraft:iron_axe":7,"minecraft:iron_leggings":2,"minecraft:cracked_stone_bricks":1,"minecraft:redstone_torch":12,"minecraft:iron_nugget":3,"minecraft:poppy":7,"minecraft:minecart":2,"minecraft:melon_slice":7,"minecraft:stick":12,"minecraft:raw_iron":9,"minecraft:jungle_door":11,"minecraft:copper_ingot":90,"minecraft:torch":87,"minecraft:acacia_log":4,"minecraft:carrot":93,"minecraft:dark_oak_planks":398,"minecraft:quartz_block":2,"minecraft:rotten_flesh":47,"minecraft:light_gray_bed":17,"minecraft:arrow":8,"minecraft:stone_shovel":5,"minecraft:hay_block":36,"minecraft:cyan_terracotta":4,"minecraft:cobblestone":29,"minecraft:bone_block":37,"minecraft:leather":2,"minecraft:cut_sandstone":3,"minecraft:potato":47,"paraglider:spirit_orb":6,"minecraft:gunpowder":60,"minecraft:acacia_boat":10,"minecraft:gray_concrete":21,"bunker_down:steel_block":2,"minecraft:gray_concrete_powder":6,"minecraft:orange_terracotta":8,"minecraft:bone":42,"minecraft:wheat_seeds":36,"minecraft:stone_pickaxe":4,"minecraft:iron_ingot":88,"minecraft:stone_hoe":8,"minecraft:dandelion":13,"minecraft:gravel":46,"minecraft:sand":139,"minecraft:ink_sac":3,"minecraft:blast_furnace":7,"minecraft:dark_oak_log":16,"cgm:pistol":1,"minecraft:light_gray_concrete":3,"minecraft:light_gray_terracotta":3,"minecraft:diamond":6,"minecraft:lever":1,"minecraft:iron_helmet":2,"minecraft:crossbow":6,"minecraft:bread":559,"cgm:workbench":1,"minecraft:coal":115,"minecraft:ender_pearl":2},"minecraft:killed_by":{"minecraft:zombie":1},"minecraft:dropped":{"minecraft:stone_hoe":1,"minecraft:wheat_seeds":8,"minecraft:cyan_terracotta":1,"minecraft:diamond_horse_armor":1,"minecraft:gray_concrete":6,"minecraft:ink_sac":2,"minecraft:iron_axe":1,"minecraft:gray_dye":1,"minecraft:dandelion":9,"minecraft:gravel":12,"minecraft:lever":1,"minecraft:iron_nugget":3,"minecraft:wheat":1,"minecraft:rotten_flesh":30,"minecraft:poppy":2,"minecraft:quartz_block":2,"bunker_down:steel_block":1,"minecraft:wooden_pickaxe":1},"minecraft:used":{"minecraft:stone_shovel":41,"minecraft:bone_block":1,"minecraft:stone_hoe":38,"minecraft:torch":8,"cgm:workbench":1,"minecraft:carrot":2,"minecraft:cyan_terracotta":2,"minecraft:iron_axe":120,"minecraft:gray_concrete_powder":9,"minecraft:orange_terracotta":2,"minecraft:light_gray_bed":11,"minecraft:wheat_seeds":24,"minecraft:acacia_boat":8,"minecraft:water_bucket":13,"minecraft:stone_pickaxe":69,"minecraft:wooden_pickaxe":4,"minecraft:cut_sandstone":3,"minecraft:sand":22,"minecraft:crafting_table":6,"minecraft:light_gray_terracotta":3,"minecraft:crossbow":3,"minecraft:mud":31,"bunker_down:steel_block":1,"minecraft:melon_slice":7,"minecraft:bread":42,"minecraft:jungle_door":4,"minecraft:bucket":14,"minecraft:dandelion":4,"minecraft:bone_meal":17,"minecraft:experience_bottle":1}},"DataVersion":3465}