{"stats":{"minecraft:crafted":{"minecraft:copper_ingot":27,"minecraft:stone_axe":1,"minecraft:acacia_boat":1,"minecraft:stick":8,"minecraft:stone_pickaxe":1,"minecraft:acacia_planks":40},"minecraft:killed":{"minecraft:zombie":11},"minecraft:picked_up":{"minecraft:crafting_table":7,"minecraft:wheat":10,"cgm:basic_bullet":81,"bunker_down:brittle_pickaxe":2,"minecraft:iron_door":2,"minecraft:water_bucket":1,"minecraft:copper_block":3,"minecraft:potato":8,"paraglider:spirit_orb":8,"minecraft:gunpowder":13,"minecraft:acacia_boat":1,"minecraft:string":1,"minecraft:name_tag":2,"minecraft:wooden_sword":3,"minecraft:bone":5,"minecraft:acacia_planks":31,"minecraft:stone_bricks":22,"usefulbackpacks:backpack_small":3,"minecraft:stone_pickaxe":1,"minecraft:cobweb":9,"minecraft:mossy_stone_bricks":1,"minecraft:stick":4,"minecraft:sandstone":1,"minecraft:sweet_berries":21,"bunker_down:underroot_stage_1":4,"minecraft:torch":1,"minecraft:acacia_log":10,"minecraft:sand":11,"minecraft:polished_blackstone_bricks":2,"minecraft:spruce_log":4,"minecraft:red_terracotta":14,"minecraft:leather_helmet":2,"cgm:pistol":3,"minecraft:light_gray_terracotta":12,"minecraft:rotten_flesh":4,"minecraft:light_gray_bed":8,"minecraft:stone_axe":1,"minecraft:cracked_polished_blackstone_bricks":3,"minecraft:gold_ingot":2,"minecraft:bread":3,"minecraft:baked_potato":72,"minecraft:polished_blackstone":17,"minecraft:coal":1,"minecraft:cobblestone":9},"minecraft:dropped":{"minecraft:iron_door":1},"minecraft:custom":{"minecraft:mob_kills":12,"minecraft:interact_with_crafting_table":4,"minecraft:open_barrel":2,"minecraft:leave_game":7,"minecraft:time_since_death":0,"minecraft:sleep_in_bed":3,"minecraft:climb_one_cm":23902,"minecraft:time_since_rest":1,"minecraft:sprint_one_cm":221584,"minecraft:damage_taken":1829,"minecraft:walk_one_cm":114303,"minecraft:drop":1,"minecraft:damage_dealt":1818,"minecraft:swim_one_cm":20654,"minecraft:fly_one_cm":475471,"minecraft:open_chest":17,"minecraft:crouch_one_cm":3982,"minecraft:play_time":63195,"minecraft:deaths":6,"minecraft:sneak_time":2282,"minecraft:walk_under_water_one_cm":11476,"minecraft:boat_one_cm":10508,"minecraft:jump":1083,"minecraft:walk_on_water_one_cm":11214,"minecraft:total_world_time":65590,"minecraft:fall_one_cm":21970},"minecraft:mined":{"minecraft:acacia_leaves":2,"minecraft:glass_pane":5,"minecraft:cyan_terracotta":2,"minecraft:crafting_table":4,"minecraft:acacia_log":9,"minecraft:gray_stained_glass":4,"minecraft:cracked_polished_blackstone_bricks":1,"minecraft:white_stained_glass_pane":2,"minecraft:white_stained_glass":3,"minecraft:light_gray_bed":5,"minecraft:glass":1,"minecraft:cobblestone":2,"minecraft:sandstone":1,"minecraft:iron_door":1,"minecraft:spawner":4,"minecraft:red_terracotta":4,"bunker_down:airlock_iron_trapdoor":1,"minecraft:anvil":1,"minecraft:copper_block":3,"minecraft:iron_bars":1,"minecraft:sand":6,"minecraft:cobweb":1,"minecraft:acacia_planks":2,"minecraft:stone":5,"minecraft:polished_blackstone":5,"minecraft:stone_bricks":10,"minecraft:mossy_stone_bricks":1},"minecraft:used":{"minecraft:acacia_boat":1,"cgm:pistol":31,"minecraft:polished_blackstone":7,"minecraft:stone_pickaxe":43,"minecraft:baked_potato":20,"minecraft:polished_blackstone_bricks":1,"minecraft:sand":3,"minecraft:crafting_table":3,"bunker_down:brittle_pickaxe":7,"minecraft:bread":1,"minecraft:stone_axe":27,"minecraft:wooden_sword":24,"minecraft:cobblestone":1,"minecraft:bucket":1,"minecraft:acacia_planks":4,"minecraft:smooth_stone":1,"minecraft:light_gray_bed":6}},"DataVersion":3465}