{"stats":{"minecraft:used":{"bunker_down:steel_block":2,"minecraft:chicken":1,"minecraft:stone_pickaxe":23,"minecraft:stone_axe":14,"minecraft:dirt":11,"minecraft:crafting_table":2,"bunker_down:brittle_pickaxe":6,"minecraft:oak_boat":1,"minecraft:chainmail_chestplate":1,"minecraft:sponge":5},"minecraft:crafted":{"minecraft:oak_boat":1,"minecraft:oak_planks":32,"minecraft:stick":4,"minecraft:stone_pickaxe":1,"minecraft:birch_planks":4,"minecraft:stone_axe":1},"minecraft:picked_up":{"minecraft:crafting_table":3,"bunker_down:brittle_pickaxe":1,"minecraft:chicken":2,"minecraft:sweet_berries":24,"bunker_down:underroot_stage_1":2,"minecraft:torch":1,"minecraft:potato":2,"minecraft:birch_planks":2,"minecraft:oak_log":8,"minecraft:chainmail_chestplate":1,"minecraft:dirt":13,"minecraft:stripped_birch_log":1,"bunker_down:steel_block":2,"minecraft:bone":5,"minecraft:light_gray_bed":1,"minecraft:rotten_flesh":2,"minecraft:stone_axe":1,"minecraft:wheat_seeds":8,"minecraft:stone_pickaxe":1,"minecraft:cobweb":2,"minecraft:emerald":2,"minecraft:black_wool":2,"minecraft:mutton":6,"minecraft:white_wool":1,"minecraft:cobblestone":8},"minecraft:killed":{"minecraft:sheep":2,"minecraft:zombie":2,"minecraft:chicken":1},"minecraft:custom":{"minecraft:time_since_rest":2150,"minecraft:sprint_one_cm":57197,"minecraft:damage_taken":371,"minecraft:walk_one_cm":39434,"minecraft:mob_kills":5,"minecraft:damage_dealt":701,"minecraft:swim_one_cm":2569,"minecraft:interact_with_crafting_table":4,"minecraft:fly_one_cm":93704,"minecraft:open_chest":3,"minecraft:crouch_one_cm":111,"minecraft:play_time":40791,"minecraft:deaths":1,"minecraft:sneak_time":318,"minecraft:walk_under_water_one_cm":456,"minecraft:boat_one_cm":10883,"minecraft:jump":521,"minecraft:time_since_death":2114,"minecraft:leave_game":1,"minecraft:walk_on_water_one_cm":5991,"minecraft:total_world_time":40791,"minecraft:climb_one_cm":26091,"minecraft:fall_one_cm":7385},"minecraft:mined":{"minecraft:large_fern":3,"minecraft:sweet_berry_bush":10,"minecraft:stripped_birch_log":1,"minecraft:crafting_table":2,"minecraft:grass":22,"minecraft:grass_block":3,"minecraft:oak_log":7,"minecraft:dirt":9,"minecraft:light_gray_bed":1,"minecraft:cobblestone":8,"bunker_down:steel_block":2,"minecraft:wall_torch":1,"minecraft:fern":5}},"DataVersion":3465}