{"stats":{"minecraft:crafted":{"minecraft:stick":8,"minecraft:stone_pickaxe":1,"minecraft:copper_ingot":27,"minecraft:acacia_planks":40,"minecraft:stone_axe":1},"minecraft:killed":{"minecraft:zombie":9},"minecraft:picked_up":{"minecraft:crafting_table":4,"minecraft:sandstone":1,"cgm:basic_bullet":64,"bunker_down:brittle_pickaxe":2,"minecraft:iron_door":2,"bunker_down:underroot_stage_1":4,"minecraft:copper_block":3,"minecraft:acacia_log":10,"minecraft:potato":4,"paraglider:spirit_orb":4,"minecraft:polished_blackstone_bricks":2,"minecraft:sand":11,"minecraft:red_terracotta":8,"minecraft:leather_helmet":1,"minecraft:string":1,"minecraft:wooden_sword":2,"cgm:pistol":2,"minecraft:stone_bricks":8,"minecraft:bone":2,"minecraft:light_gray_bed":5,"minecraft:rotten_flesh":4,"usefulbackpacks:backpack_small":2,"minecraft:cracked_polished_blackstone_bricks":3,"minecraft:mossy_stone_bricks":1,"minecraft:cobweb":6,"minecraft:bread":1,"minecraft:polished_blackstone":15,"minecraft:baked_potato":60,"minecraft:cobblestone":9},"minecraft:custom":{"minecraft:time_since_rest":9240,"minecraft:damage_taken":1054,"minecraft:walk_one_cm":83653,"minecraft:sprint_one_cm":170075,"minecraft:mob_kills":10,"minecraft:damage_dealt":1342,"minecraft:swim_one_cm":20654,"minecraft:interact_with_crafting_table":3,"minecraft:fly_one_cm":389289,"minecraft:open_barrel":2,"minecraft:open_chest":13,"minecraft:crouch_one_cm":3377,"minecraft:play_time":49662,"minecraft:deaths":3,"minecraft:sneak_time":2135,"minecraft:walk_under_water_one_cm":11476,"minecraft:jump":772,"minecraft:leave_game":6,"minecraft:time_since_death":27939,"minecraft:total_world_time":52057,"minecraft:walk_on_water_one_cm":11149,"minecraft:sleep_in_bed":2,"minecraft:climb_one_cm":13791,"minecraft:fall_one_cm":16464},"minecraft:used":{"minecraft:bread":1,"minecraft:stone_pickaxe":29,"cgm:pistol":19,"minecraft:baked_potato":14,"minecraft:polished_blackstone":7,"minecraft:stone_axe":14,"minecraft:polished_blackstone_bricks":1,"minecraft:wooden_sword":24,"minecraft:sand":3,"minecraft:cobblestone":1,"minecraft:crafting_table":1,"bunker_down:brittle_pickaxe":7,"minecraft:light_gray_bed":5,"minecraft:smooth_stone":1},"minecraft:mined":{"minecraft:red_terracotta":4,"minecraft:acacia_leaves":2,"minecraft:glass_pane":5,"bunker_down:airlock_iron_trapdoor":1,"minecraft:copper_block":3,"minecraft:anvil":1,"minecraft:crafting_table":2,"minecraft:acacia_log":9,"minecraft:gray_stained_glass":4,"minecraft:cracked_polished_blackstone_bricks":1,"minecraft:white_stained_glass":3,"minecraft:sand":6,"minecraft:light_gray_bed":3,"minecraft:cobweb":1,"minecraft:glass":1,"minecraft:stone_bricks":8,"minecraft:cobblestone":2,"minecraft:polished_blackstone":5,"minecraft:stone":5,"minecraft:mossy_stone_bricks":1,"minecraft:iron_door":1,"minecraft:sandstone":1,"minecraft:spawner":2}},"DataVersion":3465}