{"stats":{"minecraft:killed":{"minecraft:zombie":5},"minecraft:picked_up":{"minecraft:crafting_table":3,"minecraft:sandstone":1,"cgm:basic_bullet":64,"bunker_down:brittle_pickaxe":2,"bunker_down:underroot_stage_1":4,"minecraft:potato":4,"minecraft:sand":9,"minecraft:polished_blackstone_bricks":2,"minecraft:string":1,"minecraft:leather_helmet":1,"minecraft:wooden_sword":2,"cgm:pistol":2,"minecraft:bone":2,"minecraft:light_gray_bed":2,"usefulbackpacks:backpack_small":2,"minecraft:cracked_polished_blackstone_bricks":2,"minecraft:cobweb":6,"minecraft:bread":1,"minecraft:polished_blackstone":12,"minecraft:baked_potato":60,"minecraft:cobblestone":3},"minecraft:custom":{"minecraft:time_since_rest":4426,"minecraft:walk_one_cm":36414,"minecraft:sprint_one_cm":51498,"minecraft:damage_taken":618,"minecraft:mob_kills":5,"minecraft:damage_dealt":576,"minecraft:fly_one_cm":203051,"minecraft:open_chest":7,"minecraft:crouch_one_cm":768,"minecraft:play_time":26105,"minecraft:deaths":3,"minecraft:sneak_time":1289,"minecraft:walk_under_water_one_cm":9376,"minecraft:jump":154,"minecraft:leave_game":4,"minecraft:time_since_death":4382,"minecraft:walk_on_water_one_cm":5416,"minecraft:climb_one_cm":10938,"minecraft:total_world_time":28500,"minecraft:fall_one_cm":2699},"minecraft:used":{"cgm:pistol":11,"minecraft:polished_blackstone":3,"minecraft:baked_potato":2,"minecraft:polished_blackstone_bricks":1,"minecraft:wooden_sword":24,"minecraft:sand":3,"bunker_down:brittle_pickaxe":4,"minecraft:light_gray_bed":1,"minecraft:smooth_stone":1},"minecraft:mined":{"minecraft:glass_pane":4,"minecraft:crafting_table":1,"minecraft:white_stained_glass":3,"minecraft:sand":4,"minecraft:cobweb":1,"minecraft:cobblestone":1,"minecraft:polished_blackstone":2,"minecraft:sandstone":1}},"DataVersion":3465}