{"stats":{"minecraft:crafted":{"minecraft:copper_ingot":27,"minecraft:stone_axe":1,"minecraft:stick":8,"minecraft:stone_pickaxe":1,"minecraft:acacia_planks":40},"minecraft:killed":{"minecraft:zombie":9},"minecraft:picked_up":{"minecraft:crafting_table":4,"cgm:basic_bullet":64,"bunker_down:brittle_pickaxe":2,"minecraft:iron_door":2,"minecraft:copper_block":3,"minecraft:potato":4,"paraglider:spirit_orb":4,"minecraft:string":1,"minecraft:wooden_sword":2,"minecraft:bone":2,"minecraft:stone_bricks":9,"usefulbackpacks:backpack_small":2,"minecraft:cobweb":6,"minecraft:mossy_stone_bricks":1,"minecraft:sandstone":1,"bunker_down:underroot_stage_1":4,"minecraft:acacia_log":10,"minecraft:sand":11,"minecraft:polished_blackstone_bricks":2,"minecraft:red_terracotta":8,"minecraft:leather_helmet":1,"cgm:pistol":2,"minecraft:rotten_flesh":4,"minecraft:light_gray_bed":6,"minecraft:cracked_polished_blackstone_bricks":3,"minecraft:bread":1,"minecraft:baked_potato":60,"minecraft:polished_blackstone":15,"minecraft:cobblestone":9},"minecraft:custom":{"minecraft:mob_kills":10,"minecraft:interact_with_crafting_table":3,"minecraft:open_barrel":2,"minecraft:leave_game":6,"minecraft:time_since_death":30521,"minecraft:sleep_in_bed":2,"minecraft:climb_one_cm":14271,"minecraft:time_since_rest":11822,"minecraft:sprint_one_cm":179090,"minecraft:damage_taken":1123,"minecraft:walk_one_cm":86935,"minecraft:damage_dealt":1342,"minecraft:swim_one_cm":20654,"minecraft:fly_one_cm":404727,"minecraft:open_chest":16,"minecraft:crouch_one_cm":3435,"minecraft:play_time":52244,"minecraft:deaths":3,"minecraft:sneak_time":2192,"minecraft:walk_under_water_one_cm":11476,"minecraft:jump":819,"minecraft:walk_on_water_one_cm":11149,"minecraft:total_world_time":54639,"minecraft:fall_one_cm":17519},"minecraft:used":{"cgm:pistol":21,"minecraft:polished_blackstone":7,"minecraft:stone_pickaxe":29,"minecraft:baked_potato":17,"minecraft:polished_blackstone_bricks":1,"minecraft:sand":3,"minecraft:crafting_table":2,"bunker_down:brittle_pickaxe":7,"minecraft:bread":1,"minecraft:stone_axe":14,"minecraft:wooden_sword":24,"minecraft:cobblestone":1,"minecraft:smooth_stone":1,"minecraft:light_gray_bed":5},"minecraft:mined":{"minecraft:acacia_leaves":2,"minecraft:glass_pane":5,"minecraft:crafting_table":2,"minecraft:acacia_log":9,"minecraft:gray_stained_glass":4,"minecraft:cracked_polished_blackstone_bricks":1,"minecraft:white_stained_glass_pane":2,"minecraft:white_stained_glass":3,"minecraft:light_gray_bed":4,"minecraft:glass":1,"minecraft:cobblestone":2,"minecraft:sandstone":1,"minecraft:iron_door":1,"minecraft:spawner":2,"minecraft:red_terracotta":4,"bunker_down:airlock_iron_trapdoor":1,"minecraft:anvil":1,"minecraft:copper_block":3,"minecraft:sand":6,"minecraft:cobweb":1,"minecraft:stone":5,"minecraft:polished_blackstone":5,"minecraft:stone_bricks":8,"minecraft:mossy_stone_bricks":1}},"DataVersion":3465}