{"stats":{"minecraft:used":{"minecraft:sponge":5},"minecraft:custom":{"minecraft:jump":267,"minecraft:time_since_rest":28791,"minecraft:leave_game":1,"minecraft:play_time":28791,"minecraft:sprint_one_cm":26380,"minecraft:time_since_death":28791,"minecraft:walk_on_water_one_cm":4210,"minecraft:walk_one_cm":14727,"minecraft:sneak_time":70,"minecraft:total_world_time":28791,"minecraft:climb_one_cm":14540,"minecraft:walk_under_water_one_cm":51,"minecraft:fall_one_cm":422,"minecraft:fly_one_cm":48707}},"DataVersion":3465}