{"stats":{"minecraft:custom":{"minecraft:interact_with_furnace":7,"minecraft:mob_kills":20,"minecraft:interact_with_crafting_table":14,"minecraft:open_barrel":5,"minecraft:leave_game":3,"minecraft:time_since_death":75349,"minecraft:sleep_in_bed":2,"minecraft:climb_one_cm":23878,"minecraft:time_since_rest":12607,"minecraft:sprint_one_cm":178157,"minecraft:damage_taken":1146,"minecraft:walk_one_cm":145217,"minecraft:damage_blocked_by_shield":110,"minecraft:drop":15,"minecraft:damage_dealt":4030,"minecraft:swim_one_cm":4992,"minecraft:fly_one_cm":264545,"minecraft:open_chest":55,"minecraft:crouch_one_cm":15743,"minecraft:play_time":91570,"minecraft:deaths":1,"minecraft:sneak_time":6853,"minecraft:walk_under_water_one_cm":3239,"minecraft:boat_one_cm":39555,"minecraft:jump":1363,"minecraft:interact_with_blast_furnace":8,"minecraft:walk_on_water_one_cm":5450,"minecraft:interact_with_smoker":1,"minecraft:total_world_time":91570,"minecraft:fall_one_cm":34240},"minecraft:killed_by":{"minecraft:zombie":1},"minecraft:mined":{"minecraft:spruce_planks":6,"minecraft:glass_pane":1,"minecraft:mangrove_roots":1,"minecraft:crafting_table":5,"minecraft:torch":1,"minecraft:grass_block":3,"minecraft:spruce_fence":18,"minecraft:tall_grass":2,"minecraft:cobblestone":4,"minecraft:spruce_leaves":3,"minecraft:spawner":4,"minecraft:iron_ore":17,"minecraft:ice":1,"minecraft:spruce_log":17,"minecraft:stripped_spruce_log":1,"minecraft:mangrove_planks":2,"minecraft:mangrove_leaves":17,"minecraft:grass":1,"minecraft:oak_log":6,"minecraft:coal_ore":7,"minecraft:dirt":4,"minecraft:cobweb":4,"minecraft:mangrove_log":14,"minecraft:spruce_wood":8,"bunker_down:steel_block":1,"minecraft:stone":29,"minecraft:white_wool":114},"minecraft:dropped":{"minecraft:goat_horn":1,"minecraft:piston":5,"minecraft:porkchop":6,"minecraft:mangrove_roots":1,"minecraft:lapis_lazuli":1,"minecraft:poisonous_potato":2,"minecraft:rotten_flesh":6,"bunker_down:steel_block":2,"bunker_down:brittle_pickaxe":3,"minecraft:lily_pad":3,"minecraft:redstone":7},"minecraft:picked_up":{"minecraft:crafting_table":5,"bunker_down:brittle_pickaxe":3,"minecraft:brown_wool":1,"paraglider:spirit_orb":8,"minecraft:lily_pad":3,"minecraft:oak_log":7,"minecraft:chainmail_chestplate":1,"minecraft:gunpowder":3,"minecraft:lapis_lazuli":1,"minecraft:dirt":9,"bunker_down:steel_block":2,"minecraft:mangrove_boat":4,"minecraft:bone":4,"minecraft:spruce_planks":6,"minecraft:spruce_wood":8,"minecraft:stone_pickaxe":1,"minecraft:beef":1,"minecraft:cobweb":5,"minecraft:sugar_cane":3,"minecraft:mangrove_planks":5,"minecraft:iron_sword":1,"minecraft:mangrove_log":14,"minecraft:stick":8,"minecraft:raw_iron":17,"minecraft:torch":1,"minecraft:porkchop":16,"minecraft:stripped_spruce_log":1,"minecraft:spruce_log":16,"minecraft:redstone":7,"minecraft:goat_horn":1,"minecraft:iron_hoe":1,"minecraft:honey_bottle":1,"minecraft:rotten_flesh":6,"minecraft:mangrove_roots":1,"minecraft:mutton":7,"minecraft:coal":9,"minecraft:white_wool":120,"minecraft:cobblestone":35},"minecraft:killed":{"minecraft:pig":6,"minecraft:sheep":5,"minecraft:zombie":8,"minecraft:cow":1},"minecraft:crafted":{"minecraft:oak_planks":28,"minecraft:cooked_porkchop":4,"minecraft:crafting_table":1,"minecraft:spruce_planks":68,"minecraft:mangrove_boat":1,"minecraft:bucket":1,"minecraft:mangrove_planks":56,"minecraft:stone_axe":1,"minecraft:cooked_mutton":7,"minecraft:air":0,"minecraft:diamond":18,"minecraft:diamond_helmet":1,"minecraft:shield":1,"minecraft:stick":8,"minecraft:iron_ingot":17,"minecraft:stone_pickaxe":1,"minecraft:diamond_boots":1,"minecraft:torch":4,"minecraft:shears":1},"minecraft:used":{"minecraft:mangrove_boat":5,"minecraft:diamond_boots":1,"minecraft:stone_pickaxe":58,"minecraft:mangrove_planks":49,"minecraft:spruce_planks":9,"minecraft:shield":4,"minecraft:iron_sword":12,"minecraft:white_wool":44,"minecraft:torch":4,"minecraft:dirt":6,"minecraft:crafting_table":4,"minecraft:chainmail_chestplate":1,"bunker_down:brittle_pickaxe":3,"minecraft:diamond_helmet":1,"minecraft:shears":115,"minecraft:bread":1,"minecraft:iron_pickaxe":1,"minecraft:stone_axe":90,"minecraft:diamond_sword":48,"minecraft:cobblestone":1,"minecraft:cooked_porkchop":10,"minecraft:bucket":1,"minecraft:experience_bottle":65,"minecraft:cobweb":3}},"DataVersion":3465}