{"stats":{"minecraft:crafted":{"minecraft:stick":8,"minecraft:stone_pickaxe":1,"minecraft:acacia_planks":40,"minecraft:stone_axe":1},"minecraft:killed":{"minecraft:zombie":8},"minecraft:picked_up":{"minecraft:crafting_table":4,"minecraft:sandstone":1,"cgm:basic_bullet":64,"bunker_down:brittle_pickaxe":2,"minecraft:iron_door":1,"bunker_down:underroot_stage_1":4,"minecraft:acacia_log":10,"paraglider:spirit_orb":4,"minecraft:potato":4,"minecraft:sand":9,"minecraft:polished_blackstone_bricks":2,"minecraft:red_terracotta":8,"minecraft:string":1,"minecraft:leather_helmet":1,"minecraft:wooden_sword":2,"cgm:pistol":2,"minecraft:rotten_flesh":4,"minecraft:bone":2,"minecraft:light_gray_bed":3,"usefulbackpacks:backpack_small":2,"minecraft:cracked_polished_blackstone_bricks":3,"minecraft:cobweb":6,"minecraft:bread":1,"minecraft:polished_blackstone":15,"minecraft:baked_potato":60,"minecraft:cobblestone":9},"minecraft:custom":{"minecraft:time_since_rest":11532,"minecraft:walk_one_cm":67858,"minecraft:sprint_one_cm":130443,"minecraft:damage_taken":784,"minecraft:mob_kills":8,"minecraft:damage_dealt":1263,"minecraft:interact_with_crafting_table":3,"minecraft:fly_one_cm":285768,"minecraft:open_chest":12,"minecraft:crouch_one_cm":3377,"minecraft:play_time":39150,"minecraft:deaths":3,"minecraft:sneak_time":2086,"minecraft:walk_under_water_one_cm":9376,"minecraft:jump":423,"minecraft:leave_game":5,"minecraft:sleep_in_bed":1,"minecraft:time_since_death":17427,"minecraft:walk_on_water_one_cm":5416,"minecraft:climb_one_cm":12553,"minecraft:total_world_time":41545,"minecraft:fall_one_cm":10091},"minecraft:used":{"cgm:pistol":15,"minecraft:stone_pickaxe":14,"minecraft:polished_blackstone":7,"minecraft:baked_potato":8,"minecraft:stone_axe":10,"minecraft:polished_blackstone_bricks":1,"minecraft:wooden_sword":24,"minecraft:sand":3,"minecraft:cobblestone":1,"minecraft:crafting_table":1,"bunker_down:brittle_pickaxe":7,"minecraft:light_gray_bed":2,"minecraft:smooth_stone":1},"minecraft:mined":{"minecraft:red_terracotta":4,"minecraft:acacia_leaves":2,"minecraft:glass_pane":5,"minecraft:anvil":1,"minecraft:crafting_table":2,"minecraft:acacia_log":9,"minecraft:gray_stained_glass":4,"minecraft:cracked_polished_blackstone_bricks":1,"minecraft:white_stained_glass":3,"minecraft:light_gray_bed":1,"minecraft:sand":4,"minecraft:cobweb":1,"minecraft:glass":1,"minecraft:cobblestone":2,"minecraft:stone":5,"minecraft:polished_blackstone":5,"minecraft:sandstone":1,"minecraft:spawner":2}},"DataVersion":3465}