{"stats":{"minecraft:picked_up":{"patchouli:guide_book":1,"minecraft:spruce_planks":1,"minecraft:spruce_sapling":3,"minecraft:spruce_log":6,"minecraft:dirt":13},"minecraft:dropped":{"patchouli:guide_book":2},"minecraft:crafted":{"minecraft:spruce_planks":24},"minecraft:mined":{"minecraft:grass":2,"minecraft:grass_block":2,"minecraft:spruce_planks":1,"minecraft:dirt":11,"minecraft:powder_snow":9,"treechop:chopped_log":1},"minecraft:custom":{"minecraft:time_since_rest":2202,"enigmaticlegacy:play_time_with_seven_curses":0,"minecraft:crouch_one_cm":404,"minecraft:sprint_one_cm":23903,"minecraft:play_time":35171,"minecraft:deaths":2,"minecraft:damage_taken":545,"minecraft:walk_one_cm":22578,"minecraft:sneak_time":150,"minecraft:drop":2,"minecraft:jump":297,"minecraft:damage_dealt":47,"minecraft:leave_game":1,"minecraft:time_since_death":2174,"enigmaticlegacy:play_time_without_seven_curses":35115,"minecraft:total_world_time":35171,"minecraft:fall_one_cm":12427,"minecraft:fly_one_cm":47812},"minecraft:used":{"minecraft:dirt":13,"minecraft:spruce_planks":25,"minecraft:spruce_sapling":3},"minecraft:killed_by":{"minecraft:zombie":2}},"DataVersion":3120}