{"stats":{"minecraft:picked_up":{"patchouli:guide_book":1,"minecraft:dirt":1},"minecraft:dropped":{"patchouli:guide_book":1},"minecraft:mined":{"minecraft:grass":1,"minecraft:powder_snow":4,"minecraft:dirt":1},"minecraft:custom":{"minecraft:jump":224,"minecraft:time_since_rest":23171,"enigmaticlegacy:play_time_with_seven_curses":0,"minecraft:crouch_one_cm":284,"minecraft:leave_game":1,"minecraft:play_time":23171,"minecraft:sprint_one_cm":20138,"minecraft:damage_taken":180,"minecraft:time_since_death":23171,"minecraft:walk_one_cm":11256,"minecraft:sneak_time":108,"enigmaticlegacy:play_time_without_seven_curses":23171,"minecraft:total_world_time":23171,"minecraft:drop":1,"minecraft:fall_one_cm":8936,"minecraft:fly_one_cm":39377}},"DataVersion":3120}