{
  "bunker_down:first_joined_world": {
    "criteria": {
      "first_joined_world": "2024-07-14 16:00:03 -0400"
    },
    "done": true
  },
  "ags_day_counter:day_counter_root_advancement": {
    "criteria": {
      "day_counter_root_advancement_0": "2024-07-14 16:00:02 -0400"
    },
    "done": true
  },
  "minecraft:recipes/decorations/crafting_table": {
    "criteria": {
      "unlock_right_away": "2024-07-14 16:00:02 -0400"
    },
    "done": true
  },
  "minecraft:adventure/adventuring_time": {
    "criteria": {
      "minecraft:dripstone_caves": "2024-07-14 16:01:00 -0400",
      "minecraft:desert": "2024-07-14 16:02:04 -0400"
    },
    "done": false
  },
  "DataVersion": 3465
}